id;content;posted_date;modified_date
1;../fake-data/blob/hipster.txt;2020-03-11T01:23:54;2020-03-11T06:44:27
2;../fake-data/blob/hipster.txt;2020-03-11T08:23:46;2020-03-11T20:08:30
3;../fake-data/blob/hipster.txt;2020-03-11T08:01:26;2020-03-11T17:00:35
4;../fake-data/blob/hipster.txt;2020-03-11T18:06:57;2020-03-11T21:31:01
5;../fake-data/blob/hipster.txt;2020-03-11T10:05:58;2020-03-11T13:31:20
6;../fake-data/blob/hipster.txt;2020-03-11T00:45:58;2020-03-11T17:22:44
7;../fake-data/blob/hipster.txt;2020-03-11T04:57:23;2020-03-11T04:46:41
8;../fake-data/blob/hipster.txt;2020-03-11T00:11:27;2020-03-11T20:00:55
9;../fake-data/blob/hipster.txt;2020-03-10T23:50:28;2020-03-11T20:53:55
10;../fake-data/blob/hipster.txt;2020-03-11T01:44:45;2020-03-11T01:22:04
