id;name;value;blob_value;blob_value_content_type
1;port;Table;../fake-data/blob/hipster.png;image/png
2;Shoes program Brazil;PCI;../fake-data/blob/hipster.png;image/png
3;Ergonomic sensor;Chicken;../fake-data/blob/hipster.png;image/png
4;Isle of Man;Puerto Rico redefine;../fake-data/blob/hipster.png;image/png
5;Virginia Generic Concrete Mouse;Oman;../fake-data/blob/hipster.png;image/png
6;scalable JBOD Fantastic;Sleek Cotton Keyboard;../fake-data/blob/hipster.png;image/png
7;Tuna Won connecting;Concrete;../fake-data/blob/hipster.png;image/png
8;Operations Gorgeous Steel Towels calculate;Incredible fuchsia;../fake-data/blob/hipster.png;image/png
9;Metal;connecting SQL;../fake-data/blob/hipster.png;image/png
10;radical Home Loan Account;Sports facilitate;../fake-data/blob/hipster.png;image/png
